﻿<?xml version="1.0" encoding="utf-8"?>
<TextureAtlas imagePath="fuck.png">
	<!-- Created with Adobe Animate version 21.0.1.37179 -->
	<!-- http://www.adobe.com/products/animate.html -->
	<SubTexture name="vrage_ffff0000" x="0" y="0" width="568" height="492"/>
	<SubTexture name="vrage_ffff0001" x="0" y="0" width="568" height="492"/>
	<SubTexture name="vrage_ffff0002" x="568" y="0" width="568" height="492"/>
	<SubTexture name="vrage_ffff0003" x="1136" y="0" width="568" height="492"/>
	<SubTexture name="vrage_ffff0004" x="1136" y="0" width="568" height="492"/>
	<SubTexture name="vrage_ffff0005" x="1704" y="0" width="568" height="492"/>
	<SubTexture name="vrage_ffff0006" x="1704" y="0" width="568" height="492"/>
	<SubTexture name="vrage_ffff0007" x="2272" y="0" width="568" height="492"/>
	<SubTexture name="vrage_ffff0008" x="2272" y="0" width="568" height="492"/>
	<SubTexture name="vrage_ffff0009" x="2840" y="0" width="568" height="492"/>
	<SubTexture name="vrage_ffff0010" x="2840" y="0" width="568" height="492"/>
	<SubTexture name="vrage_ffff0011" x="3408" y="0" width="568" height="492"/>
	<SubTexture name="vrage_ffff0012" x="0" y="492" width="568" height="492"/>
	<SubTexture name="vrage_ffff0013" x="568" y="492" width="568" height="492"/>
	<SubTexture name="vrage_ffff0014" x="1136" y="492" width="568" height="492"/>
	<SubTexture name="vrage_ffff0015" x="1704" y="492" width="568" height="492"/>
	<SubTexture name="vrage_ffff0016" x="2272" y="492" width="568" height="492"/>
	<SubTexture name="vrage_ffff0017" x="2272" y="492" width="568" height="492"/>
	<SubTexture name="vrage_ffff0018" x="1136" y="492" width="568" height="492"/>
	<SubTexture name="vrage_ffff0019" x="1136" y="492" width="568" height="492"/>
	<SubTexture name="vrage_ffff0020" x="2840" y="492" width="568" height="492"/>
	<SubTexture name="vrage_ffff0021" x="2272" y="492" width="568" height="492"/>
	<SubTexture name="vrage_ffff0022" x="3408" y="492" width="568" height="492"/>
	<SubTexture name="vrage_ffff0023" x="1136" y="492" width="568" height="492"/>
	<SubTexture name="vrage_ffff0024" x="0" y="984" width="568" height="492"/>
	<SubTexture name="vrage_ffff0025" x="2840" y="492" width="568" height="492"/>
	<SubTexture name="vrage_ffff0026" x="3408" y="492" width="568" height="492"/>
	<SubTexture name="vrage_ffff0027" x="3408" y="492" width="568" height="492"/>
	<SubTexture name="vrage_ffff0028" x="0" y="984" width="568" height="492"/>
	<SubTexture name="vrage_ffff0029" x="0" y="984" width="568" height="492"/>
	<SubTexture name="vrage_ffff0030" x="1704" y="492" width="568" height="492"/>
	<SubTexture name="vrage_ffff0031" x="3408" y="492" width="568" height="492"/>
	<SubTexture name="vrage_ffff0032" x="2272" y="492" width="568" height="492"/>
	<SubTexture name="vrage_ffff0033" x="0" y="984" width="568" height="492"/>
	<SubTexture name="vrage_ffff0034" x="1136" y="492" width="568" height="492"/>
	<SubTexture name="vrage_ffff0035" x="1704" y="492" width="568" height="492"/>
	<SubTexture name="vrage_ffff0036" x="2272" y="492" width="568" height="492"/>
	<SubTexture name="vrage_ffff0037" x="2272" y="492" width="568" height="492"/>
	<SubTexture name="vrage_ffff0038" x="1136" y="492" width="568" height="492"/>
	<SubTexture name="vrage_ffff0039" x="1136" y="492" width="568" height="492"/>
	<SubTexture name="vrage_ffff0040" x="2840" y="492" width="568" height="492"/>
	<SubTexture name="vrage_ffff0041" x="2272" y="492" width="568" height="492"/>
	<SubTexture name="vrage_ffff0042" x="3408" y="492" width="568" height="492"/>
	<SubTexture name="vrage_ffff0043" x="1136" y="492" width="568" height="492"/>
	<SubTexture name="vrage_ffff0044" x="0" y="984" width="568" height="492"/>
	<SubTexture name="vrage_ffff0045" x="2840" y="492" width="568" height="492"/>
	<SubTexture name="vrage_ffff0046" x="568" y="984" width="568" height="492"/>
	<SubTexture name="vrage_ffff0047" x="1136" y="984" width="568" height="492"/>
	<SubTexture name="vrage_ffff0048" x="1704" y="984" width="568" height="492"/>
	<SubTexture name="vrage_ffff0049" x="1704" y="984" width="568" height="492"/>
	<SubTexture name="vrage_ffff0050" x="568" y="984" width="568" height="492"/>
	<SubTexture name="vrage_ffff0051" x="568" y="984" width="568" height="492"/>
	<SubTexture name="vrage_ffff0052" x="2272" y="984" width="568" height="492"/>
	<SubTexture name="vrage_ffff0053" x="1704" y="984" width="568" height="492"/>
	<SubTexture name="vrage_ffff0054" x="2840" y="984" width="568" height="492"/>
	<SubTexture name="vrage_ffff0055" x="568" y="984" width="568" height="492"/>
	<SubTexture name="vrage_ffff0056" x="3408" y="984" width="568" height="492"/>
	<SubTexture name="vrage_ffff0057" x="2272" y="984" width="568" height="492"/>
	<SubTexture name="vrage_ffff0058" x="2840" y="984" width="568" height="492"/>
	<SubTexture name="vrage_ffff0059" x="2840" y="984" width="568" height="492"/>
	<SubTexture name="vrage_ffff0060" x="3408" y="984" width="568" height="492"/>
	<SubTexture name="vrage_ffff0061" x="3408" y="984" width="568" height="492"/>
	<SubTexture name="vrage_ffff0062" x="1136" y="984" width="568" height="492"/>
	<SubTexture name="vrage_ffff0063" x="2840" y="984" width="568" height="492"/>
	<SubTexture name="vrage_ffff0064" x="1704" y="984" width="568" height="492"/>
	<SubTexture name="vrage_ffff0065" x="3408" y="984" width="568" height="492"/>
	<SubTexture name="vrage_ffff0066" x="568" y="984" width="568" height="492"/>
	<SubTexture name="vrage_ffff0067" x="1136" y="984" width="568" height="492"/>
	<SubTexture name="vrage_ffff0068" x="1704" y="984" width="568" height="492"/>
	<SubTexture name="vrage_ffff0069" x="1704" y="984" width="568" height="492"/>
	<SubTexture name="vrage_ffff0070" x="568" y="984" width="568" height="492"/>
	<SubTexture name="vrage_ffff0071" x="568" y="984" width="568" height="492"/>
	<SubTexture name="vrage_ffff0072" x="2272" y="984" width="568" height="492"/>
	<SubTexture name="vrage_ffff0073" x="1704" y="984" width="568" height="492"/>
	<SubTexture name="vrage_ffff0074" x="2840" y="984" width="568" height="492"/>
	<SubTexture name="vrage_ffff0075" x="568" y="984" width="568" height="492"/>
	<SubTexture name="vrage_ffff0076" x="3408" y="984" width="568" height="492"/>
	<SubTexture name="vrage_ffff0077" x="2272" y="984" width="568" height="492"/>
	<SubTexture name="vrage_ffff0078" x="568" y="984" width="568" height="492"/>
	<SubTexture name="vrage_ffff0079" x="1136" y="984" width="568" height="492"/>
	<SubTexture name="vrage_ffff0080" x="1704" y="984" width="568" height="492"/>
	<SubTexture name="vrage_ffff0081" x="1704" y="984" width="568" height="492"/>
	<SubTexture name="vrage_ffff0082" x="568" y="984" width="568" height="492"/>
	<SubTexture name="vrage_ffff0083" x="568" y="984" width="568" height="492"/>
	<SubTexture name="vrage_ffff0084" x="2272" y="984" width="568" height="492"/>
	<SubTexture name="vrage_ffff0085" x="1704" y="984" width="568" height="492"/>
	<SubTexture name="vrage_ffff0086" x="2840" y="984" width="568" height="492"/>
	<SubTexture name="vrage_ffff0087" x="568" y="984" width="568" height="492"/>
	<SubTexture name="vrage_ffff0088" x="3408" y="984" width="568" height="492"/>
	<SubTexture name="vrage_ffff0089" x="2272" y="984" width="568" height="492"/>
	<SubTexture name="vrage_ffff0090" x="2840" y="984" width="568" height="492"/>
	<SubTexture name="vrage_ffff0091" x="2840" y="984" width="568" height="492"/>
	<SubTexture name="vrage_ffff0092" x="3408" y="984" width="568" height="492"/>
	<SubTexture name="vrage_ffff0093" x="3408" y="984" width="568" height="492"/>
	<SubTexture name="vrage_ffff0094" x="1136" y="984" width="568" height="492"/>
	<SubTexture name="vrage_ffff0095" x="2840" y="984" width="568" height="492"/>
	<SubTexture name="vrage_ffff0096" x="1704" y="984" width="568" height="492"/>
	<SubTexture name="vrage_ffff0097" x="3408" y="984" width="568" height="492"/>
	<SubTexture name="vrage_ffff0098" x="568" y="984" width="568" height="492"/>
	<SubTexture name="vrage_ffff0099" x="1136" y="984" width="568" height="492"/>
	<SubTexture name="vrage_ffff0100" x="1704" y="984" width="568" height="492"/>
	<SubTexture name="vrage_ffff0101" x="1704" y="984" width="568" height="492"/>
	<SubTexture name="vrage_ffff0102" x="568" y="984" width="568" height="492"/>
	<SubTexture name="vrage_ffff0103" x="568" y="984" width="568" height="492"/>
	<SubTexture name="vrage_ffff0104" x="2272" y="984" width="568" height="492"/>
	<SubTexture name="vrage_ffff0105" x="1704" y="984" width="568" height="492"/>
	<SubTexture name="vrage_ffff0106" x="2840" y="984" width="568" height="492"/>
	<SubTexture name="vrage_ffff0107" x="568" y="984" width="568" height="492"/>
	<SubTexture name="vrage_ffff0108" x="3408" y="984" width="568" height="492"/>
	<SubTexture name="vrage_ffff0109" x="2272" y="984" width="568" height="492"/>
	<SubTexture name="vrage_ffff0110" x="568" y="984" width="568" height="492"/>
	<SubTexture name="vrage_ffff0111" x="1136" y="984" width="568" height="492"/>
	<SubTexture name="vrage_ffff0112" x="1704" y="984" width="568" height="492"/>
	<SubTexture name="vrage_ffff0113" x="1704" y="984" width="568" height="492"/>
	<SubTexture name="vrage_ffff0114" x="568" y="984" width="568" height="492"/>
	<SubTexture name="vrage_ffff0115" x="568" y="984" width="568" height="492"/>
	<SubTexture name="vrage_ffff0116" x="2272" y="984" width="568" height="492"/>
	<SubTexture name="vrage_ffff0117" x="1704" y="984" width="568" height="492"/>
	<SubTexture name="vrage_ffff0118" x="2840" y="984" width="568" height="492"/>
	<SubTexture name="vrage_ffff0119" x="568" y="984" width="568" height="492"/>
	<SubTexture name="vrage_ffff0120" x="3408" y="984" width="568" height="492"/>
	<SubTexture name="vrage_ffff0121" x="2272" y="984" width="568" height="492"/>
	<SubTexture name="vrage_ffff0122" x="2840" y="984" width="568" height="492"/>
	<SubTexture name="vrage_ffff0123" x="2840" y="984" width="568" height="492"/>
	<SubTexture name="vrage_ffff0124" x="3408" y="984" width="568" height="492"/>
	<SubTexture name="vrage_ffff0125" x="3408" y="984" width="568" height="492"/>
	<SubTexture name="vrage_ffff0126" x="1136" y="984" width="568" height="492"/>
	<SubTexture name="vrage_ffff0127" x="2840" y="984" width="568" height="492"/>
	<SubTexture name="vrage_ffff0128" x="1704" y="984" width="568" height="492"/>
	<SubTexture name="vrage_ffff0129" x="3408" y="984" width="568" height="492"/>
	<SubTexture name="vrage_ffff0130" x="568" y="984" width="568" height="492"/>
	<SubTexture name="vrage_ffff0131" x="1136" y="984" width="568" height="492"/>
	<SubTexture name="vrage_ffff0132" x="1704" y="984" width="568" height="492"/>
	<SubTexture name="vrage_ffff0133" x="1704" y="984" width="568" height="492"/>
	<SubTexture name="vrage_ffff0134" x="568" y="984" width="568" height="492"/>
	<SubTexture name="vrage_ffff0135" x="568" y="984" width="568" height="492"/>
	<SubTexture name="vrage_ffff0136" x="2272" y="984" width="568" height="492"/>
	<SubTexture name="vrage_ffff0137" x="1704" y="984" width="568" height="492"/>
	<SubTexture name="vrage_ffff0138" x="2840" y="984" width="568" height="492"/>
	<SubTexture name="vrage_ffff0139" x="568" y="984" width="568" height="492"/>
	<SubTexture name="vrage_ffff0140" x="3408" y="984" width="568" height="492"/>
	<SubTexture name="vrage_ffff0141" x="2272" y="984" width="568" height="492"/>
	<SubTexture name="vrage_ffff0142" x="568" y="984" width="568" height="492"/>
	<SubTexture name="vrage_ffff0143" x="1136" y="984" width="568" height="492"/>
	<SubTexture name="vrage_ffff0144" x="1704" y="984" width="568" height="492"/>
	<SubTexture name="vrage_ffff0145" x="1704" y="984" width="568" height="492"/>
	<SubTexture name="vrage_ffff0146" x="568" y="984" width="568" height="492"/>
	<SubTexture name="vrage_ffff0147" x="568" y="984" width="568" height="492"/>
	<SubTexture name="vrage_ffff0148" x="2272" y="984" width="568" height="492"/>
	<SubTexture name="vrage_ffff0149" x="1704" y="984" width="568" height="492"/>
	<SubTexture name="vrage_ffff0150" x="2840" y="984" width="568" height="492"/>
	<SubTexture name="vrage_ffff0151" x="568" y="984" width="568" height="492"/>
	<SubTexture name="vrage_ffff0152" x="3408" y="984" width="568" height="492"/>
	<SubTexture name="vrage_ffff0153" x="2272" y="984" width="568" height="492"/>
	<SubTexture name="vrage_ffff0154" x="2840" y="984" width="568" height="492"/>
	<SubTexture name="vrage_ffff0155" x="2840" y="984" width="568" height="492"/>
	<SubTexture name="vrage_ffff0156" x="3408" y="984" width="568" height="492"/>
	<SubTexture name="vrage_ffff0157" x="3408" y="984" width="568" height="492"/>
	<SubTexture name="vrage_ffff0158" x="1136" y="984" width="568" height="492"/>
	<SubTexture name="vrage_ffff0159" x="2840" y="984" width="568" height="492"/>
	<SubTexture name="vrage_ffff0160" x="1704" y="984" width="568" height="492"/>
	<SubTexture name="vrage_ffff0161" x="3408" y="984" width="568" height="492"/>
	<SubTexture name="vrage_ffff0162" x="568" y="984" width="568" height="492"/>
	<SubTexture name="vrage_ffff0163" x="1136" y="984" width="568" height="492"/>
	<SubTexture name="vrage_ffff0164" x="1704" y="984" width="568" height="492"/>
	<SubTexture name="vrage_ffff0165" x="1704" y="984" width="568" height="492"/>
	<SubTexture name="vrage_ffff0166" x="568" y="984" width="568" height="492"/>
	<SubTexture name="vrage_ffff0167" x="568" y="984" width="568" height="492"/>
	<SubTexture name="vrage_ffff0168" x="2272" y="984" width="568" height="492"/>
	<SubTexture name="vrage_ffff0169" x="1704" y="984" width="568" height="492"/>
	<SubTexture name="vrage_ffff0170" x="2840" y="984" width="568" height="492"/>
	<SubTexture name="vrage_ffff0171" x="568" y="984" width="568" height="492"/>
	<SubTexture name="vrage_ffff0172" x="3408" y="984" width="568" height="492"/>
	<SubTexture name="vrage_ffff0173" x="2272" y="984" width="568" height="492"/>
	<SubTexture name="vrage_ffff0174" x="1704" y="984" width="568" height="492"/>
</TextureAtlas>
