﻿<?xml version="1.0" encoding="utf-8"?>
<TextureAtlas imagePath="sage.png">
	<!-- Created with Adobe Animate version 21.0.1.37179 -->
	<!-- http://www.adobe.com/products/animate.html -->
	<SubTexture name="vrage_1t20000" x="0" y="0" width="568" height="492"/>
	<SubTexture name="vrage_1t20001" x="568" y="0" width="568" height="492"/>
	<SubTexture name="vrage_1t20002" x="1136" y="0" width="568" height="492"/>
	<SubTexture name="vrage_1t20003" x="1136" y="0" width="568" height="492"/>
	<SubTexture name="vrage_1t20004" x="1704" y="0" width="568" height="492"/>
	<SubTexture name="vrage_1t20005" x="2272" y="0" width="568" height="492"/>
	<SubTexture name="vrage_1t20006" x="2840" y="0" width="568" height="492"/>
	<SubTexture name="vrage_1t20007" x="3408" y="0" width="568" height="492"/>
	<SubTexture name="vrage_1t20008" x="0" y="492" width="568" height="492"/>
	<SubTexture name="vrage_1t20009" x="568" y="492" width="568" height="492"/>
	<SubTexture name="vrage_1t20010" x="1136" y="492" width="568" height="492"/>
	<SubTexture name="vrage_1t20011" x="1704" y="492" width="568" height="492"/>
	<SubTexture name="vrage_1t20012" x="2272" y="492" width="568" height="492"/>
	<SubTexture name="vrage_1t20013" x="2272" y="492" width="568" height="492"/>
	<SubTexture name="vrage_1t20014" x="2840" y="492" width="568" height="492"/>
	<SubTexture name="vrage_1t20015" x="2840" y="492" width="568" height="492"/>
	<SubTexture name="vrage_1t20016" x="3408" y="492" width="568" height="492"/>
	<SubTexture name="vrage_1t20017" x="3408" y="492" width="568" height="492"/>
	<SubTexture name="vrage_1t20018" x="0" y="984" width="568" height="492"/>
	<SubTexture name="vrage_1t20019" x="0" y="984" width="568" height="492"/>
	<SubTexture name="vrage_1t20020" x="568" y="984" width="568" height="492"/>
	<SubTexture name="vrage_1t20021" x="568" y="984" width="568" height="492"/>
	<SubTexture name="vrage_1t20022" x="1136" y="984" width="568" height="492"/>
	<SubTexture name="vrage_1t20023" x="1136" y="984" width="568" height="492"/>
	<SubTexture name="vrage_1t20024" x="3408" y="492" width="568" height="492"/>
	<SubTexture name="vrage_1t20025" x="3408" y="492" width="568" height="492"/>
	<SubTexture name="vrage_1t20026" x="0" y="984" width="568" height="492"/>
	<SubTexture name="vrage_1t20027" x="0" y="984" width="568" height="492"/>
	<SubTexture name="vrage_1t20028" x="568" y="984" width="568" height="492"/>
	<SubTexture name="vrage_1t20029" x="568" y="984" width="568" height="492"/>
	<SubTexture name="vrage_1t20030" x="1136" y="984" width="568" height="492"/>
	<SubTexture name="vrage_1t20031" x="1136" y="984" width="568" height="492"/>
	<SubTexture name="vrage_1t20032" x="3408" y="492" width="568" height="492"/>
	<SubTexture name="vrage_1t20033" x="3408" y="492" width="568" height="492"/>
	<SubTexture name="vrage_1t20034" x="0" y="984" width="568" height="492"/>
	<SubTexture name="vrage_1t20035" x="0" y="984" width="568" height="492"/>
	<SubTexture name="vrage_1t20036" x="568" y="984" width="568" height="492"/>
	<SubTexture name="vrage_1t20037" x="568" y="984" width="568" height="492"/>
	<SubTexture name="vrage_1t20038" x="1136" y="984" width="568" height="492"/>
	<SubTexture name="vrage_1t20039" x="1136" y="984" width="568" height="492"/>
	<SubTexture name="vrage_1t20040" x="3408" y="492" width="568" height="492"/>
	<SubTexture name="vrage_1t20041" x="3408" y="492" width="568" height="492"/>
	<SubTexture name="vrage_1t20042" x="0" y="984" width="568" height="492"/>
	<SubTexture name="vrage_1t20043" x="0" y="984" width="568" height="492"/>
	<SubTexture name="vrage_1t20044" x="568" y="984" width="568" height="492"/>
	<SubTexture name="vrage_1t20045" x="568" y="984" width="568" height="492"/>
	<SubTexture name="vrage_1t20046" x="1136" y="984" width="568" height="492"/>
	<SubTexture name="vrage_1t20047" x="1136" y="984" width="568" height="492"/>
	<SubTexture name="vrage_1t20048" x="3408" y="492" width="568" height="492"/>
	<SubTexture name="vrage_1t20049" x="3408" y="492" width="568" height="492"/>
	<SubTexture name="vrage_1t20050" x="0" y="984" width="568" height="492"/>
	<SubTexture name="vrage_1t20051" x="0" y="984" width="568" height="492"/>
	<SubTexture name="vrage_1t20052" x="568" y="984" width="568" height="492"/>
	<SubTexture name="vrage_1t20053" x="3408" y="492" width="568" height="492"/>
	<SubTexture name="vrage_1t20054" x="3408" y="492" width="568" height="492"/>
	<SubTexture name="vrage_1t20055" x="0" y="984" width="568" height="492"/>
	<SubTexture name="vrage_1t20056" x="0" y="984" width="568" height="492"/>
	<SubTexture name="vrage_1t20057" x="568" y="984" width="568" height="492"/>
	<SubTexture name="vrage_1t20058" x="1704" y="984" width="568" height="492"/>
	<SubTexture name="vrage_1t20059" x="2272" y="984" width="568" height="492"/>
	<SubTexture name="vrage_1t20060" x="2840" y="984" width="568" height="492"/>
	<SubTexture name="vrage_1t20061" x="3408" y="984" width="568" height="492"/>
	<SubTexture name="vrage_1t20062" x="0" y="1476" width="568" height="492"/>
	<SubTexture name="vrage_1t20063" x="568" y="1476" width="568" height="492"/>
</TextureAtlas>
