﻿<?xml version="1.0" encoding="utf-8"?>
<TextureAtlas imagePath="sagenotes.png">
	<!-- Created with Adobe Animate version 21.0.1.37179 -->
	<!-- http://www.adobe.com/products/animate.html -->
	<SubTexture name="blue0000" x="0" y="0" width="157" height="154"/>
	<SubTexture name="blue hold0000" x="157" y="0" width="50" height="44"/>
	<SubTexture name="blue tail0000" x="207" y="0" width="50" height="64"/>
	<SubTexture name="green0000" x="257" y="0" width="157" height="154"/>
	<SubTexture name="green hold0000" x="414" y="0" width="50" height="44"/>
	<SubTexture name="green tail0000" x="0" y="154" width="50" height="64"/>
	<SubTexture name="purple0000" x="50" y="154" width="154" height="157"/>
	<SubTexture name="purple hold0000" x="204" y="154" width="50" height="44"/>
	<SubTexture name="purple tail0000" x="254" y="154" width="50" height="64"/>
	<SubTexture name="red0000" x="304" y="154" width="154" height="157"/>
	<SubTexture name="red hold0000" x="458" y="154" width="50" height="44"/>
	<SubTexture name="red tail0000" x="0" y="311" width="50" height="64"/>
</TextureAtlas>
